Name,Homepage,Update Timestamp
Apptractive,https://apptractive.com.au,1598227491
Courier,https://www.courier.com,1598227842
Zendit,https://zendit.io/,1598228323
Alfa,https://www.alfa.io,1598228985
Tell Me Baby,https://tellmebaby.com.au/,1598229628
CoinDogg,https://coindogg.com/,1598230092
Proper,https://www.getproper.com/,1598230250
Aerobyte Cyber Defense,https://www.Aerobyte.com,1598230444
justInCase,https://justincase.jp,1598230576
Enteruptors,https://enteruptors.com/,1598230647
ExtraHourz,http://www.extrahourz.com,1598230700
SharePort,https://shareportapp.com,1598231877
Afterimage,https://www.afterimage.com,1598231998
Jasper Oil Company,https://jasperoilcompany.com/,1598232293
ACS,http://www.acsworldwide.com/index.htm,1598232434
Mining Media International,https://www.mining-media.com/,1598232627
DDS,http://www.distdata.com/,1598232810
Austin IT Consulting,http://austinitconsulting.com/,1598233490
K.Tek Systems,http://www.ktek.com/,1598233778
Mel Holland Design,http://www.melhollanddesign.com/,1598233788
Qibus,http://qibus.com,1598234251
Inbox Developers,http://www.inboxdevelopers.com,1598234359
Emagination Unlimited,http://www.getemagination.com/,1598234478
One Moment,https://www.onemoment.live,1598234479
Forever 8 Fund,https://forever8fund.com,1598234948
Design4,https://design4.org/,1598234962
Jacober Creative,https://jacober.com/,1598235161
Shell Energy,https://www.shell.com/,1598235165
Kashi TheCoders,https://kashidigital.in,1598235334
Zimmerman Communications,https://www.zimmcom.net/,1598235409
Switch Support 4u,http://www.switch-support4u.com/,1598236046
Opoly,https://opoly.app,1598236157
Invoice2go,http://www.invoice.2go.com,1598236244
Wenstrom Communications,https://www.wenstrom.net/,1598236754
CBT Proxy,https://www.cbtproxy.com/,1598236828
Medical Augmented Intelligence,http://www.mai.ai,1598236933
JARC,http://www.jarc.co.jp/,1598236990
A & B Communciations,https://www.abcomm.net,1598237200
Yushin Engineering,http://www.yushin.co.jp/,1598237360
ZEAL PLUS,https://zealplus.co.jp/,1598237629
YCS,https://www.ycsco.com/,1598237695
McManamon Insurance,https://www.mcmanamoninsurance.com/,1598237790
Speedi Mobile Website,https://www.speedimobilewebsite.com,1598238103
Unix,https://www.unix-net.co.jp/,1598238280
Rainbow Distribution,https://rdistributing.com/,1598238557
Reform Success,http://www.unity-soft.com/,1598238767
UniFactor,http://www.unifactor.co.jp/,1598239046
Shop Latinx,https://shoplatinx.com/,1598239191
Home Run Promotions,https://www.homerunpromotions.com/,1598239373
Uni Height,https://www.uni-hite.co.jp/,1598239461
RemoteDoc,https://remotedoc.co/,1598239659
inFeedo,https://www.infeedo.com/,1598239673
Honors Pathway,https://honorspathway.org/,1598239682
Ayurved Panchkarma Hospital,http://vaidyadharmendrapatel.com/,1598239874
YUMEKOBO,https://www.yumekobo.jp/,1598239960
Chekmate,https://www.chekmateapp.com/,1598239969
Thirdverse,https://www.thirdverse.io/,1598240082
Universal Medical Communication,http://www.kk-umc.co.jp/,1598240092
Fpo,https://fpomarketing.com/,1598240110
Clipping Way,https://clippingway.com,1598240173
Fetcherr,http://fetcherr.io/,1598240216
Cycle,https://cycle.app/,1598240226
MechCAD Software,https://www.mechcad.net/,1598240242
C.E.C.I.,http://www.ceci.ma/,1598240254
Corextrad,http://www.corextrad.com,1598240330
InMinz,http://inminz.com,1598240364
Symmorphix,http://www.symmorphix.com/,1598240416
yui.net,http://www.55yui.net/,1598240530
in Wort und Bild.com,https://www.inwortundbild.com,1598240589
The Cultured Chic,http://www.theculturedchic.com,1598240618
SEDA-Council of Governments,https://seda-cog.org/,1598240626
Mitchell's Salon & Day Spa,http://mitchellssalon.com,1598240647
Bio Agri Mix,http://www.bioagrimix.com/,1598240675
Quizly,https://quizly.co/,1598240693
Lyriko,http://www.lyriko.com/en/,1598240714
Fund for Employee Ownership,http://www.evgoh.com/tfeo/,1598240721
Section Eight,https://section-8.jp/,1598240734
Yumeniti,https://www.umenity.co.jp,1598240755
Proscape,https://proscape.net/,1598240766
Tstudy,http://www.tstudy.com.cn/,1598240770
Folk,http://www.wearefolk.com/,1598240771
Sarah Myerscough Gallery,https://www.sarahmyerscough.com/,1598240806
Weavr Inc.,https://weavr.ai,1598240837
License Solutions,http://www.licensesolutions.com.br/,1598240850
DV Advertising,http://www.dvadvertising.com/index.php,1598240871
Mediacontech S.p.A.,http://www.mediacontech.it/,1598240918
BreezeAds.com,http://www.BreezeAds.com,1598240926
Akmazio,https://amkaz.io,1598240972
Dolphin Capital Investors,https://www.dolphinci.com/,1598240975
Commodity Blenders,https://www.commodityblenders.com,1598240978
Winquist Data AB,https://w-data.se/,1598240983
Starling,https://starlingrecords.com/,1598240993
USE,http://www.usenet.co.jp/,1598241018
Yuki,http://ysh.co.jp,1598241086
Deal Management Nordic AB,https://www.dealmanager.com/,1598241140
Essen Multipack,http://www.essenpoly.com,1598241144
Solnet,https://www.solnetcs.com/,1598241198
